target,order,Unit Weight (kg),Unit POD,from_yard,from_bay,from_col,position_id,from_layer,pred,voyage_cluster
0.0,0.0,0.0,1.0,1.0,14.0,10.0,1.0,5.0,48,"('CHANGC1_004', 0)"
1.0,1.0,0.0,1.0,1.0,14.0,9.0,2.0,5.0,49,"('CHANGC1_004', 0)"
2.0,2.0,0.0,1.0,1.0,14.0,8.0,3.0,5.0,0,"('CHANGC1_004', 0)"
3.0,3.0,0.0,1.0,1.0,14.0,7.0,4.0,5.0,1,"('CHANGC1_004', 0)"
4.0,4.0,0.0,1.0,1.0,14.0,6.0,5.0,5.0,2,"('CHANGC1_004', 0)"
5.0,5.0,0.0,1.0,1.0,14.0,5.0,6.0,5.0,3,"('CHANGC1_004', 0)"
6.0,6.0,0.0,1.0,1.0,14.0,4.0,7.0,5.0,4,"('CHANGC1_004', 0)"
7.0,7.0,0.0,1.0,1.0,14.0,3.0,8.0,5.0,5,"('CHANGC1_004', 0)"
8.0,8.0,0.0,1.0,1.0,14.0,11.0,9.0,4.0,6,"('CHANGC1_004', 0)"
9.0,9.0,0.0,1.0,1.0,14.0,10.0,1.0,4.0,7,"('CHANGC1_004', 0)"
10.0,10.0,0.0,1.0,1.0,14.0,9.0,2.0,4.0,8,"('CHANGC1_004', 0)"
11.0,11.0,0.0,1.0,1.0,14.0,8.0,3.0,4.0,17,"('CHANGC1_004', 0)"
12.0,12.0,0.0,1.0,1.0,14.0,7.0,4.0,4.0,9,"('CHANGC1_004', 0)"
13.0,13.0,0.0,1.0,1.0,14.0,6.0,5.0,4.0,10,"('CHANGC1_004', 0)"
14.0,14.0,0.0,1.0,1.0,14.0,5.0,6.0,4.0,11,"('CHANGC1_004', 0)"
15.0,15.0,0.0,1.0,1.0,14.0,4.0,7.0,4.0,12,"('CHANGC1_004', 0)"
16.0,16.0,0.0,1.0,1.0,14.0,3.0,8.0,4.0,13,"('CHANGC1_004', 0)"
17.0,17.0,0.0,1.0,1.0,14.0,2.0,10.0,4.0,14,"('CHANGC1_004', 0)"
18.0,18.0,0.0,1.0,1.0,14.0,11.0,9.0,3.0,15,"('CHANGC1_004', 0)"
19.0,19.0,0.0,1.0,1.0,14.0,10.0,1.0,3.0,18,"('CHANGC1_004', 0)"
20.0,20.0,0.0,1.0,1.0,14.0,9.0,2.0,3.0,19,"('CHANGC1_004', 0)"
21.0,21.0,0.0,1.0,1.0,14.0,8.0,3.0,3.0,20,"('CHANGC1_004', 0)"
22.0,22.0,0.0,1.0,1.0,14.0,7.0,4.0,3.0,21,"('CHANGC1_004', 0)"
23.0,23.0,0.0,1.0,1.0,14.0,6.0,5.0,3.0,22,"('CHANGC1_004', 0)"
24.0,24.0,0.0,1.0,1.0,14.0,5.0,6.0,3.0,23,"('CHANGC1_004', 0)"
25.0,25.0,0.0,1.0,1.0,14.0,4.0,7.0,3.0,24,"('CHANGC1_004', 0)"
26.0,26.0,0.0,1.0,1.0,14.0,3.0,8.0,3.0,16,"('CHANGC1_004', 0)"
27.0,27.0,0.0,1.0,1.0,14.0,2.0,10.0,3.0,25,"('CHANGC1_004', 0)"
28.0,28.0,0.0,1.0,1.0,14.0,11.0,9.0,2.0,28,"('CHANGC1_004', 0)"
29.0,29.0,0.0,1.0,1.0,14.0,10.0,1.0,2.0,29,"('CHANGC1_004', 0)"
30.0,30.0,0.0,1.0,1.0,14.0,9.0,2.0,2.0,31,"('CHANGC1_004', 0)"
31.0,31.0,0.0,1.0,1.0,14.0,8.0,3.0,2.0,32,"('CHANGC1_004', 0)"
32.0,32.0,0.0,1.0,1.0,14.0,7.0,4.0,2.0,26,"('CHANGC1_004', 0)"
33.0,33.0,0.0,1.0,1.0,14.0,6.0,5.0,2.0,27,"('CHANGC1_004', 0)"
34.0,34.0,0.0,1.0,1.0,14.0,5.0,6.0,2.0,30,"('CHANGC1_004', 0)"
35.0,35.0,0.0,1.0,1.0,14.0,4.0,7.0,2.0,33,"('CHANGC1_004', 0)"
36.0,36.0,0.0,1.0,1.0,14.0,3.0,8.0,2.0,34,"('CHANGC1_004', 0)"
37.0,37.0,0.0,1.0,1.0,14.0,2.0,10.0,2.0,35,"('CHANGC1_004', 0)"
38.0,38.0,0.0,1.0,1.0,14.0,11.0,9.0,1.0,36,"('CHANGC1_004', 0)"
39.0,39.0,0.0,1.0,1.0,14.0,10.0,1.0,1.0,37,"('CHANGC1_004', 0)"
40.0,40.0,0.0,1.0,1.0,14.0,9.0,2.0,1.0,39,"('CHANGC1_004', 0)"
41.0,41.0,0.0,1.0,1.0,14.0,8.0,3.0,1.0,40,"('CHANGC1_004', 0)"
42.0,42.0,0.0,1.0,1.0,14.0,7.0,4.0,1.0,41,"('CHANGC1_004', 0)"
43.0,43.0,0.0,1.0,1.0,14.0,6.0,5.0,1.0,42,"('CHANGC1_004', 0)"
44.0,44.0,0.0,1.0,1.0,14.0,5.0,6.0,1.0,43,"('CHANGC1_004', 0)"
45.0,45.0,0.0,1.0,1.0,14.0,4.0,7.0,1.0,44,"('CHANGC1_004', 0)"
46.0,46.0,0.0,1.0,1.0,14.0,3.0,8.0,1.0,45,"('CHANGC1_004', 0)"
47.0,47.0,0.0,1.0,1.0,14.0,2.0,10.0,1.0,46,"('CHANGC1_004', 0)"
0.0,0.0,0.0,0.0,0.0,0.0,0.0,0.0,0.0,38,"('CHANGC1_004', 0)"
0.0,0.0,0.0,0.0,0.0,0.0,0.0,0.0,0.0,47,"('CHANGC1_004', 0)"
0.0,48.0,0.7316591739654541,1.0,1.0,18.0,3.0,1.0,5.0,91,"('CHANGC1_004', 4)"
1.0,49.0,-0.3407876491546631,1.0,1.0,18.0,3.0,1.0,4.0,92,"('CHANGC1_004', 4)"
2.0,50.0,-1.0049443244934082,1.0,1.0,18.0,3.0,1.0,3.0,93,"('CHANGC1_004', 4)"
3.0,51.0,0.029139716178178787,1.0,1.0,18.0,3.0,1.0,2.0,94,"('CHANGC1_004', 4)"
4.0,52.0,-0.09725213050842285,1.0,1.0,18.0,3.0,1.0,1.0,95,"('CHANGC1_004', 4)"
5.0,57.0,-0.7682592868804932,2.0,1.0,18.0,6.0,2.0,5.0,96,"('CHANGC1_004', 4)"
6.0,58.0,-0.06985010206699371,2.0,1.0,18.0,6.0,2.0,4.0,97,"('CHANGC1_004', 4)"
7.0,59.0,-1.3505523204803467,2.0,1.0,18.0,1.0,3.0,2.0,98,"('CHANGC1_004', 4)"
8.0,60.0,0.39906707406044006,2.0,1.0,18.0,4.0,4.0,5.0,99,"('CHANGC1_004', 4)"
9.0,61.0,0.9484776854515076,2.0,1.0,18.0,4.0,4.0,4.0,50,"('CHANGC1_004', 4)"
10.0,62.0,0.12436176091432571,2.0,1.0,18.0,4.0,4.0,3.0,55,"('CHANGC1_004', 4)"
11.0,63.0,0.29391178488731384,2.0,1.0,18.0,4.0,4.0,2.0,58,"('CHANGC1_004', 4)"
12.0,64.0,-0.36442190408706665,2.0,1.0,18.0,4.0,4.0,1.0,59,"('CHANGC1_004', 4)"
13.0,65.0,1.7147068977355957,2.0,1.0,18.0,5.0,5.0,4.0,72,"('CHANGC1_004', 4)"
14.0,66.0,-0.44662797451019287,2.0,1.0,18.0,5.0,5.0,3.0,73,"('CHANGC1_004', 4)"
15.0,67.0,-0.3404451310634613,2.0,1.0,18.0,5.0,5.0,2.0,74,"('CHANGC1_004', 4)"
16.0,68.0,-0.40552493929862976,2.0,1.0,18.0,5.0,5.0,1.0,82,"('CHANGC1_004', 4)"
17.0,69.0,1.1837925910949707,2.0,1.0,18.0,6.0,2.0,3.0,83,"('CHANGC1_004', 4)"
18.0,70.0,2.2774760723114014,2.0,1.0,18.0,6.0,2.0,2.0,56,"('CHANGC1_004', 4)"
19.0,71.0,0.3213138282299042,2.0,1.0,18.0,6.0,2.0,1.0,63,"('CHANGC1_004', 4)"
20.0,73.0,0.7203558683395386,2.0,1.0,18.0,8.0,6.0,4.0,75,"('CHANGC1_004', 4)"
21.0,84.0,0.11408600211143494,2.0,1.0,18.0,7.0,7.0,1.0,76,"('CHANGC1_004', 4)"
22.0,90.0,0.2877463400363922,2.0,1.0,18.0,10.0,8.0,4.0,80,"('CHANGC1_004', 4)"
23.0,91.0,-0.1263667792081833,2.0,1.0,18.0,11.0,9.0,4.0,84,"('CHANGC1_004', 4)"
24.0,92.0,0.22266653180122375,2.0,1.0,18.0,11.0,9.0,3.0,51,"('CHANGC1_004', 4)"
25.0,93.0,0.3213138282299042,2.0,1.0,18.0,10.0,8.0,3.0,67,"('CHANGC1_004', 4)"
26.0,94.0,0.41550830006599426,2.0,1.0,18.0,11.0,9.0,2.0,52,"('CHANGC1_004', 4)"
27.0,95.0,0.33844009041786194,2.0,1.0,18.0,10.0,8.0,2.0,60,"('CHANGC1_004', 4)"
28.0,96.0,-0.41580069065093994,2.0,1.0,18.0,11.0,9.0,1.0,64,"('CHANGC1_004', 4)"
29.0,97.0,0.3213138282299042,2.0,1.0,18.0,10.0,8.0,1.0,77,"('CHANGC1_004', 4)"
30.0,102.0,-1.3601430654525757,2.0,1.0,31.0,4.0,10.0,4.0,81,"('CHANGC1_004', 4)"
31.0,103.0,-1.694790244102478,2.0,1.0,31.0,4.0,10.0,3.0,89,"('CHANGC1_004', 4)"
32.0,104.0,-1.115922451019287,2.0,1.0,31.0,5.0,11.0,4.0,53,"('CHANGC1_004', 4)"
33.0,105.0,-0.7843579649925232,2.0,1.0,31.0,5.0,11.0,3.0,68,"('CHANGC1_004', 4)"
34.0,106.0,0.684390664100647,2.0,1.0,31.0,5.0,11.0,2.0,61,"('CHANGC1_004', 4)"
35.0,107.0,1.9948925971984863,2.0,1.0,31.0,5.0,11.0,1.0,65,"('CHANGC1_004', 4)"
36.0,111.0,1.9198795557022095,2.0,1.0,31.0,2.0,12.0,1.0,78,"('CHANGC1_004', 4)"
37.0,116.0,0.43708738684654236,2.0,1.0,31.0,6.0,13.0,1.0,88,"('CHANGC1_004', 4)"
38.0,117.0,-1.9886770248413086,2.0,1.0,31.0,4.0,10.0,2.0,85,"('CHANGC1_004', 4)"
39.0,118.0,-2.014023780822754,2.0,1.0,31.0,4.0,10.0,1.0,90,"('CHANGC1_004', 4)"
40.0,295.0,-1.112839698791504,2.0,2.0,10.0,1.0,14.0,1.0,54,"('CHANGC1_004', 4)"
0.0,0.0,0.0,0.0,0.0,0.0,0.0,0.0,0.0,69,"('CHANGC1_004', 4)"
0.0,0.0,0.0,0.0,0.0,0.0,0.0,0.0,0.0,57,"('CHANGC1_004', 4)"
0.0,0.0,0.0,0.0,0.0,0.0,0.0,0.0,0.0,62,"('CHANGC1_004', 4)"
0.0,0.0,0.0,0.0,0.0,0.0,0.0,0.0,0.0,79,"('CHANGC1_004', 4)"
0.0,0.0,0.0,0.0,0.0,0.0,0.0,0.0,0.0,87,"('CHANGC1_004', 4)"
0.0,0.0,0.0,0.0,0.0,0.0,0.0,0.0,0.0,70,"('CHANGC1_004', 4)"
0.0,0.0,0.0,0.0,0.0,0.0,0.0,0.0,0.0,66,"('CHANGC1_004', 4)"
0.0,0.0,0.0,0.0,0.0,0.0,0.0,0.0,0.0,71,"('CHANGC1_004', 4)"
0.0,0.0,0.0,0.0,0.0,0.0,0.0,0.0,0.0,86,"('CHANGC1_004', 4)"
0.0,53.0,-0.2133655846118927,1.0,1.0,18.0,2.0,1.0,4.0,131,"('CHANGC1_004', 9)"
1.0,54.0,-1.9535032510757446,1.0,1.0,18.0,2.0,1.0,3.0,132,"('CHANGC1_004', 9)"
2.0,55.0,-1.9405750036239624,1.0,1.0,18.0,2.0,1.0,2.0,133,"('CHANGC1_004', 9)"
3.0,56.0,1.2242518663406372,1.0,1.0,18.0,2.0,1.0,1.0,134,"('CHANGC1_004', 9)"
4.0,72.0,-1.4286177158355713,2.0,1.0,18.0,8.0,2.0,5.0,135,"('CHANGC1_004', 9)"
5.0,74.0,-0.8065120577812195,2.0,1.0,18.0,3.0,3.0,1.0,136,"('CHANGC1_004', 9)"
6.0,75.0,0.9351769685745239,2.0,1.0,18.0,9.0,4.0,5.0,137,"('CHANGC1_004', 9)"
7.0,76.0,0.3205696642398834,2.0,1.0,18.0,9.0,4.0,4.0,138,"('CHANGC1_004', 9)"
8.0,77.0,-0.4771011471748352,2.0,1.0,18.0,8.0,2.0,3.0,139,"('CHANGC1_004', 9)"
9.0,78.0,-0.34342342615127563,2.0,1.0,18.0,8.0,2.0,2.0,140,"('CHANGC1_004', 9)"
10.0,79.0,-0.18492351472377777,2.0,1.0,18.0,8.0,2.0,1.0,141,"('CHANGC1_004', 9)"
11.0,80.0,1.7258665561676025,2.0,1.0,18.0,7.0,5.0,5.0,142,"('CHANGC1_004', 9)"
12.0,81.0,0.2949717938899994,2.0,1.0,18.0,7.0,5.0,4.0,143,"('CHANGC1_004', 9)"
13.0,82.0,0.3371177911758423,2.0,1.0,18.0,7.0,5.0,3.0,144,"('CHANGC1_004', 9)"
14.0,83.0,-0.13114213943481445,2.0,1.0,18.0,7.0,5.0,2.0,145,"('CHANGC1_004', 9)"
15.0,85.0,0.3451332747936249,2.0,1.0,18.0,9.0,4.0,3.0,146,"('CHANGC1_004', 9)"
16.0,86.0,-0.1487245112657547,2.0,1.0,18.0,9.0,4.0,2.0,147,"('CHANGC1_004', 9)"
17.0,87.0,0.5002718567848206,2.0,1.0,18.0,9.0,4.0,1.0,148,"('CHANGC1_004', 9)"
18.0,88.0,1.7051814794540405,2.0,1.0,18.0,2.0,1.0,1.0,149,"('CHANGC1_004', 9)"
19.0,89.0,1.2666563987731934,2.0,1.0,18.0,1.0,6.0,1.0,104,"('CHANGC1_004', 9)"
20.0,98.0,0.650239109992981,2.0,1.0,31.0,1.0,7.0,1.0,106,"('CHANGC1_004', 9)"
21.0,99.0,0.056575533002614975,1.0,1.0,31.0,7.0,8.0,3.0,111,"('CHANGC1_004', 9)"
22.0,100.0,0.041061677038669586,1.0,1.0,31.0,7.0,8.0,2.0,112,"('CHANGC1_004', 9)"
23.0,101.0,0.029167719185352325,1.0,1.0,31.0,7.0,8.0,1.0,121,"('CHANGC1_004', 9)"
24.0,108.0,-0.7537649273872375,2.0,1.0,31.0,8.0,9.0,1.0,128,"('CHANGC1_004', 9)"
25.0,109.0,-1.7673369646072388,2.0,1.0,31.0,9.0,10.0,1.0,100,"('CHANGC1_004', 9)"
26.0,110.0,-1.9405750036239624,2.0,1.0,31.0,10.0,11.0,1.0,107,"('CHANGC1_004', 9)"
27.0,112.0,0.5985262989997864,2.0,1.0,31.0,3.0,12.0,4.0,115,"('CHANGC1_004', 9)"
28.0,113.0,0.5649129152297974,2.0,1.0,31.0,3.0,12.0,3.0,113,"('CHANGC1_004', 9)"
29.0,114.0,0.5954235196113586,2.0,1.0,31.0,3.0,12.0,2.0,122,"('CHANGC1_004', 9)"
30.0,115.0,0.898460865020752,2.0,1.0,31.0,3.0,12.0,1.0,127,"('CHANGC1_004', 9)"
0.0,0.0,0.0,0.0,0.0,0.0,0.0,0.0,0.0,101,"('CHANGC1_004', 9)"
0.0,0.0,0.0,0.0,0.0,0.0,0.0,0.0,0.0,108,"('CHANGC1_004', 9)"
0.0,0.0,0.0,0.0,0.0,0.0,0.0,0.0,0.0,102,"('CHANGC1_004', 9)"
0.0,0.0,0.0,0.0,0.0,0.0,0.0,0.0,0.0,109,"('CHANGC1_004', 9)"
0.0,0.0,0.0,0.0,0.0,0.0,0.0,0.0,0.0,116,"('CHANGC1_004', 9)"
0.0,0.0,0.0,0.0,0.0,0.0,0.0,0.0,0.0,129,"('CHANGC1_004', 9)"
0.0,0.0,0.0,0.0,0.0,0.0,0.0,0.0,0.0,130,"('CHANGC1_004', 9)"
0.0,0.0,0.0,0.0,0.0,0.0,0.0,0.0,0.0,118,"('CHANGC1_004', 9)"
0.0,0.0,0.0,0.0,0.0,0.0,0.0,0.0,0.0,105,"('CHANGC1_004', 9)"
0.0,0.0,0.0,0.0,0.0,0.0,0.0,0.0,0.0,103,"('CHANGC1_004', 9)"
0.0,0.0,0.0,0.0,0.0,0.0,0.0,0.0,0.0,110,"('CHANGC1_004', 9)"
0.0,0.0,0.0,0.0,0.0,0.0,0.0,0.0,0.0,117,"('CHANGC1_004', 9)"
0.0,0.0,0.0,0.0,0.0,0.0,0.0,0.0,0.0,114,"('CHANGC1_004', 9)"
0.0,0.0,0.0,0.0,0.0,0.0,0.0,0.0,0.0,119,"('CHANGC1_004', 9)"
0.0,0.0,0.0,0.0,0.0,0.0,0.0,0.0,0.0,120,"('CHANGC1_004', 9)"
0.0,0.0,0.0,0.0,0.0,0.0,0.0,0.0,0.0,124,"('CHANGC1_004', 9)"
0.0,0.0,0.0,0.0,0.0,0.0,0.0,0.0,0.0,123,"('CHANGC1_004', 9)"
0.0,0.0,0.0,0.0,0.0,0.0,0.0,0.0,0.0,125,"('CHANGC1_004', 9)"
0.0,0.0,0.0,0.0,0.0,0.0,0.0,0.0,0.0,126,"('CHANGC1_004', 9)"
0.0,119.0,1.3635920286178589,1.0,1.0,16.0,11.0,1.0,1.0,151,"('CHANGC1_004', 1)"
1.0,121.0,-2.570652484893799,1.0,1.0,19.0,4.0,2.0,5.0,153,"('CHANGC1_004', 1)"
2.0,122.0,-0.6674184799194336,1.0,1.0,19.0,5.0,3.0,2.0,158,"('CHANGC1_004', 1)"
3.0,123.0,0.41777274012565613,1.0,1.0,19.0,6.0,4.0,5.0,168,"('CHANGC1_004', 1)"
4.0,124.0,-0.047861360013484955,1.0,1.0,19.0,6.0,4.0,4.0,181,"('CHANGC1_004', 1)"
5.0,125.0,0.20178036391735077,1.0,1.0,19.0,6.0,4.0,3.0,182,"('CHANGC1_004', 1)"
6.0,126.0,0.20632757246494293,1.0,1.0,19.0,6.0,4.0,2.0,191,"('CHANGC1_004', 1)"
7.0,127.0,-0.2765859365463257,1.0,1.0,19.0,6.0,4.0,1.0,192,"('CHANGC1_004', 1)"
8.0,128.0,0.18359152972698212,2.0,1.0,19.0,7.0,5.0,5.0,160,"('CHANGC1_004', 1)"
9.0,129.0,0.1963237076997757,2.0,1.0,19.0,7.0,5.0,4.0,154,"('CHANGC1_004', 1)"
10.0,130.0,0.7838230133056641,1.0,1.0,19.0,4.0,2.0,4.0,159,"('CHANGC1_004', 1)"
11.0,131.0,0.7438075542449951,1.0,1.0,19.0,4.0,2.0,3.0,175,"('CHANGC1_004', 1)"
12.0,132.0,0.6619578003883362,1.0,1.0,19.0,4.0,2.0,2.0,183,"('CHANGC1_004', 1)"
13.0,133.0,0.6744626760482788,1.0,1.0,19.0,4.0,2.0,1.0,193,"('CHANGC1_004', 1)"
14.0,134.0,0.17677071690559387,2.0,1.0,19.0,7.0,5.0,3.0,194,"('CHANGC1_004', 1)"
15.0,135.0,0.17677071690559387,2.0,1.0,19.0,7.0,5.0,2.0,161,"('CHANGC1_004', 1)"
16.0,136.0,0.17677071690559387,2.0,1.0,19.0,7.0,5.0,1.0,155,"('CHANGC1_004', 1)"
17.0,137.0,0.17358767986297607,2.0,1.0,19.0,10.0,6.0,1.0,169,"('CHANGC1_004', 1)"
18.0,138.0,0.17677071690559387,2.0,1.0,19.0,8.0,7.0,4.0,178,"('CHANGC1_004', 1)"
19.0,139.0,0.17677071690559387,2.0,1.0,19.0,8.0,7.0,3.0,185,"('CHANGC1_004', 1)"
20.0,140.0,0.17677071690559387,2.0,1.0,19.0,8.0,7.0,2.0,195,"('CHANGC1_004', 1)"
21.0,141.0,0.1722235083580017,2.0,1.0,19.0,8.0,7.0,1.0,198,"('CHANGC1_004', 1)"
22.0,143.0,-1.3874688148498535,1.0,1.0,19.0,5.0,3.0,1.0,162,"('CHANGC1_004', 1)"
23.0,176.0,0.8895455598831177,2.0,1.0,22.0,11.0,8.0,2.0,164,"('CHANGC1_004', 1)"
24.0,178.0,0.0421733595430851,2.0,1.0,22.0,11.0,8.0,1.0,173,"('CHANGC1_004', 1)"
25.0,196.0,-0.7622277736663818,1.0,1.0,26.0,3.0,9.0,5.0,184,"('CHANGC1_004', 1)"
26.0,198.0,-0.5234993100166321,1.0,1.0,26.0,1.0,10.0,3.0,197,"('CHANGC1_004', 1)"
27.0,200.0,-2.4792535305023193,1.0,1.0,26.0,1.0,10.0,1.0,152,"('CHANGC1_004', 1)"
28.0,201.0,0.7729097008705139,1.0,1.0,26.0,3.0,9.0,4.0,170,"('CHANGC1_004', 1)"
29.0,202.0,-0.5130407214164734,1.0,1.0,26.0,3.0,9.0,3.0,187,"('CHANGC1_004', 1)"
30.0,204.0,0.7779116034507751,1.0,1.0,26.0,3.0,9.0,1.0,196,"('CHANGC1_004', 1)"
31.0,205.0,0.7269828915596008,1.0,1.0,26.0,10.0,11.0,5.0,165,"('CHANGC1_004', 1)"
32.0,206.0,0.7610869407653809,1.0,1.0,26.0,8.0,12.0,5.0,156,"('CHANGC1_004', 1)"
33.0,207.0,0.3779846727848053,1.0,1.0,26.0,10.0,11.0,4.0,179,"('CHANGC1_004', 1)"
34.0,208.0,0.7388056516647339,1.0,1.0,26.0,8.0,12.0,4.0,188,"('CHANGC1_004', 1)"
35.0,209.0,-0.10356465727090836,1.0,1.0,26.0,10.0,11.0,3.0,186,"('CHANGC1_004', 1)"
36.0,210.0,-0.30682486295700073,1.0,1.0,26.0,8.0,12.0,3.0,150,"('CHANGC1_004', 1)"
37.0,211.0,0.058543309569358826,1.0,1.0,26.0,10.0,11.0,2.0,163,"('CHANGC1_004', 1)"
38.0,212.0,-1.1139543056488037,1.0,1.0,26.0,8.0,12.0,2.0,166,"('CHANGC1_004', 1)"
39.0,213.0,-0.07559932768344879,1.0,1.0,26.0,10.0,11.0,1.0,176,"('CHANGC1_004', 1)"
40.0,214.0,-1.1009947061538696,1.0,1.0,26.0,8.0,12.0,1.0,189,"('CHANGC1_004', 1)"
41.0,215.0,0.8381621241569519,1.0,1.0,26.0,6.0,13.0,5.0,199,"('CHANGC1_004', 1)"
42.0,216.0,1.1257730722427368,1.0,1.0,26.0,4.0,14.0,5.0,172,"('CHANGC1_004', 1)"
43.0,217.0,1.3363088369369507,1.0,1.0,26.0,6.0,13.0,4.0,157,"('CHANGC1_004', 1)"
44.0,218.0,1.2089869976043701,1.0,1.0,26.0,4.0,14.0,4.0,167,"('CHANGC1_004', 1)"
45.0,219.0,1.329487919807434,1.0,1.0,26.0,6.0,13.0,3.0,171,"('CHANGC1_004', 1)"
46.0,220.0,1.261279821395874,1.0,1.0,26.0,4.0,14.0,3.0,174,"('CHANGC1_004', 1)"
47.0,221.0,0.9088712334632874,1.0,1.0,26.0,6.0,13.0,2.0,180,"('CHANGC1_004', 1)"
48.0,222.0,0.7820041179656982,1.0,1.0,26.0,4.0,14.0,2.0,177,"('CHANGC1_004', 1)"
49.0,223.0,0.9247864484786987,1.0,1.0,26.0,6.0,13.0,1.0,190,"('CHANGC1_004', 1)"
0.0,120.0,-2.3115782737731934,1.0,1.0,19.0,11.0,1.0,1.0,203,"('CHANGC1_004', 11)"
1.0,142.0,1.066159725189209,1.0,1.0,19.0,3.0,2.0,1.0,207,"('CHANGC1_004', 11)"
2.0,144.0,0.8760019540786743,1.0,1.0,19.0,2.0,3.0,1.0,208,"('CHANGC1_004', 11)"
3.0,145.0,-0.6631380915641785,2.0,1.0,22.0,3.0,4.0,5.0,209,"('CHANGC1_004', 11)"
4.0,146.0,-0.25478652119636536,2.0,1.0,22.0,3.0,4.0,4.0,223,"('CHANGC1_004', 11)"
5.0,147.0,-1.4253944158554077,2.0,1.0,22.0,2.0,5.0,4.0,235,"('CHANGC1_004', 11)"
6.0,148.0,-0.3344252407550812,2.0,1.0,22.0,1.0,6.0,2.0,244,"('CHANGC1_004', 11)"
7.0,149.0,-0.29663747549057007,2.0,1.0,22.0,8.0,7.0,5.0,245,"('CHANGC1_004', 11)"
8.0,150.0,-0.2633192539215088,2.0,1.0,22.0,7.0,8.0,5.0,204,"('CHANGC1_004', 11)"
9.0,151.0,-0.32386091351509094,2.0,1.0,22.0,6.0,9.0,5.0,237,"('CHANGC1_004', 11)"
10.0,152.0,-0.5733413696289062,2.0,1.0,22.0,7.0,8.0,4.0,210,"('CHANGC1_004', 11)"
11.0,153.0,-0.5436800122261047,2.0,1.0,22.0,3.0,4.0,3.0,225,"('CHANGC1_004', 11)"
12.0,154.0,0.7305394411087036,2.0,1.0,22.0,2.0,5.0,3.0,236,"('CHANGC1_004', 11)"
13.0,155.0,-0.5314904451370239,2.0,1.0,22.0,2.0,5.0,2.0,246,"('CHANGC1_004', 11)"
14.0,156.0,-0.08860165625810623,2.0,1.0,22.0,1.0,6.0,1.0,205,"('CHANGC1_004', 11)"
15.0,157.0,-0.48273202776908875,2.0,1.0,22.0,2.0,5.0,1.0,238,"('CHANGC1_004', 11)"
16.0,158.0,0.25758296251296997,2.0,1.0,22.0,6.0,9.0,4.0,216,"('CHANGC1_004', 11)"
17.0,159.0,-0.479075163602829,2.0,1.0,22.0,7.0,8.0,3.0,224,"('CHANGC1_004', 11)"
18.0,160.0,-0.002461821073666215,2.0,1.0,22.0,6.0,9.0,3.0,226,"('CHANGC1_004', 11)"
19.0,161.0,-0.4855762720108032,2.0,1.0,22.0,7.0,8.0,2.0,228,"('CHANGC1_004', 11)"
20.0,162.0,-0.5855309963226318,2.0,1.0,22.0,6.0,9.0,2.0,247,"('CHANGC1_004', 11)"
21.0,163.0,-0.011807180941104889,2.0,1.0,22.0,7.0,8.0,1.0,211,"('CHANGC1_004', 11)"
22.0,164.0,0.2709915339946747,2.0,1.0,22.0,6.0,9.0,1.0,212,"('CHANGC1_004', 11)"
23.0,165.0,1.9405603408813477,2.0,1.0,22.0,5.0,10.0,5.0,217,"('CHANGC1_004', 11)"
24.0,166.0,-0.5530253648757935,2.0,1.0,22.0,5.0,10.0,4.0,218,"('CHANGC1_004', 11)"
25.0,167.0,0.6760925650596619,2.0,1.0,22.0,4.0,11.0,5.0,227,"('CHANGC1_004', 11)"
26.0,168.0,1.1051664352416992,2.0,1.0,22.0,4.0,11.0,4.0,240,"('CHANGC1_004', 11)"
27.0,169.0,-0.5530253648757935,2.0,1.0,22.0,5.0,10.0,3.0,249,"('CHANGC1_004', 11)"
28.0,170.0,1.1616449356079102,2.0,1.0,22.0,4.0,11.0,3.0,233,"('CHANGC1_004', 11)"
29.0,171.0,-0.5436800122261047,2.0,1.0,22.0,5.0,10.0,2.0,239,"('CHANGC1_004', 11)"
30.0,172.0,0.7305394411087036,2.0,1.0,22.0,4.0,11.0,2.0,219,"('CHANGC1_004', 11)"
31.0,173.0,-0.5327094197273254,2.0,1.0,22.0,5.0,10.0,1.0,220,"('CHANGC1_004', 11)"
32.0,174.0,-0.5111744403839111,2.0,1.0,22.0,4.0,11.0,1.0,230,"('CHANGC1_004', 11)"
33.0,175.0,4.406109809875488,2.0,1.0,22.0,3.0,4.0,2.0,248,"('CHANGC1_004', 11)"
34.0,177.0,1.9405603408813477,2.0,1.0,22.0,3.0,4.0,1.0,213,"('CHANGC1_004', 11)"
35.0,179.0,1.1238571405410767,2.0,1.0,22.0,9.0,12.0,5.0,206,"('CHANGC1_004', 11)"
36.0,180.0,1.1754597425460815,2.0,1.0,22.0,9.0,12.0,4.0,229,"('CHANGC1_004', 11)"
37.0,181.0,0.12674793601036072,2.0,1.0,22.0,8.0,7.0,4.0,241,"('CHANGC1_004', 11)"
38.0,182.0,0.8841283917427063,2.0,1.0,22.0,8.0,7.0,3.0,200,"('CHANGC1_004', 11)"
39.0,183.0,1.4440373182296753,2.0,1.0,22.0,8.0,7.0,2.0,201,"('CHANGC1_004', 11)"
40.0,184.0,0.2811495363712311,2.0,1.0,22.0,9.0,12.0,3.0,202,"('CHANGC1_004', 11)"
41.0,185.0,-0.17555412650108337,2.0,1.0,22.0,9.0,12.0,1.0,234,"('CHANGC1_004', 11)"
42.0,186.0,1.071035623550415,2.0,1.0,22.0,11.0,13.0,1.0,215,"('CHANGC1_004', 11)"
43.0,187.0,-0.5180819034576416,2.0,1.0,22.0,8.0,7.0,1.0,214,"('CHANGC1_004', 11)"
44.0,188.0,0.7081918120384216,2.0,1.0,22.0,10.0,14.0,5.0,243,"('CHANGC1_004', 11)"
45.0,189.0,-0.29663747549057007,2.0,1.0,22.0,10.0,14.0,4.0,221,"('CHANGC1_004', 11)"
46.0,190.0,-0.14467380940914154,2.0,1.0,22.0,10.0,14.0,3.0,222,"('CHANGC1_004', 11)"
47.0,191.0,-0.6428220868110657,2.0,1.0,22.0,10.0,14.0,2.0,231,"('CHANGC1_004', 11)"
48.0,192.0,-0.5522127747535706,2.0,1.0,22.0,10.0,14.0,1.0,232,"('CHANGC1_004', 11)"
49.0,193.0,-0.31979772448539734,1.0,1.0,26.0,7.0,15.0,4.0,242,"('CHANGC1_004', 11)"
0.0,243.0,0.0,1.0,1.0,30.0,10.0,1.0,5.0,250,"('CHANGC1_004', 5)"
1.0,244.0,0.0,1.0,1.0,30.0,9.0,2.0,5.0,251,"('CHANGC1_004', 5)"
2.0,245.0,0.0,1.0,1.0,30.0,8.0,3.0,5.0,252,"('CHANGC1_004', 5)"
3.0,246.0,0.0,1.0,1.0,30.0,7.0,4.0,5.0,253,"('CHANGC1_004', 5)"
4.0,247.0,0.0,1.0,1.0,30.0,6.0,5.0,5.0,254,"('CHANGC1_004', 5)"
5.0,248.0,0.0,1.0,1.0,30.0,5.0,6.0,5.0,255,"('CHANGC1_004', 5)"
6.0,249.0,0.0,1.0,1.0,30.0,4.0,7.0,5.0,256,"('CHANGC1_004', 5)"
7.0,250.0,0.0,1.0,1.0,30.0,3.0,8.0,5.0,257,"('CHANGC1_004', 5)"
8.0,251.0,0.0,1.0,1.0,30.0,11.0,9.0,4.0,258,"('CHANGC1_004', 5)"
9.0,252.0,0.0,1.0,1.0,30.0,10.0,1.0,4.0,267,"('CHANGC1_004', 5)"
10.0,253.0,0.0,1.0,1.0,30.0,9.0,2.0,4.0,259,"('CHANGC1_004', 5)"
11.0,254.0,0.0,1.0,1.0,30.0,8.0,3.0,4.0,260,"('CHANGC1_004', 5)"
12.0,255.0,0.0,1.0,1.0,30.0,7.0,4.0,4.0,261,"('CHANGC1_004', 5)"
13.0,256.0,0.0,1.0,1.0,30.0,6.0,5.0,4.0,262,"('CHANGC1_004', 5)"
14.0,257.0,0.0,1.0,1.0,30.0,5.0,6.0,4.0,263,"('CHANGC1_004', 5)"
15.0,258.0,0.0,1.0,1.0,30.0,4.0,7.0,4.0,264,"('CHANGC1_004', 5)"
16.0,259.0,0.0,1.0,1.0,30.0,3.0,8.0,4.0,265,"('CHANGC1_004', 5)"
17.0,260.0,0.0,1.0,1.0,30.0,2.0,10.0,4.0,266,"('CHANGC1_004', 5)"
18.0,261.0,0.0,1.0,1.0,30.0,11.0,9.0,3.0,268,"('CHANGC1_004', 5)"
19.0,262.0,0.0,1.0,1.0,30.0,10.0,1.0,3.0,277,"('CHANGC1_004', 5)"
20.0,263.0,0.0,1.0,1.0,30.0,9.0,2.0,3.0,269,"('CHANGC1_004', 5)"
21.0,264.0,0.0,1.0,1.0,30.0,8.0,3.0,3.0,270,"('CHANGC1_004', 5)"
22.0,265.0,0.0,1.0,1.0,30.0,7.0,4.0,3.0,271,"('CHANGC1_004', 5)"
23.0,266.0,0.0,1.0,1.0,30.0,6.0,5.0,3.0,272,"('CHANGC1_004', 5)"
24.0,267.0,0.0,1.0,1.0,30.0,5.0,6.0,3.0,273,"('CHANGC1_004', 5)"
25.0,268.0,0.0,1.0,1.0,30.0,4.0,7.0,3.0,274,"('CHANGC1_004', 5)"
26.0,269.0,0.0,1.0,1.0,30.0,3.0,8.0,3.0,275,"('CHANGC1_004', 5)"
27.0,270.0,0.0,1.0,1.0,30.0,2.0,10.0,3.0,276,"('CHANGC1_004', 5)"
28.0,271.0,0.0,1.0,1.0,30.0,1.0,11.0,3.0,279,"('CHANGC1_004', 5)"
29.0,272.0,0.0,1.0,1.0,30.0,11.0,9.0,2.0,278,"('CHANGC1_004', 5)"
30.0,273.0,0.0,1.0,1.0,30.0,10.0,1.0,2.0,280,"('CHANGC1_004', 5)"
31.0,274.0,0.0,1.0,1.0,30.0,9.0,2.0,2.0,281,"('CHANGC1_004', 5)"
32.0,275.0,0.0,1.0,1.0,30.0,8.0,3.0,2.0,282,"('CHANGC1_004', 5)"
33.0,276.0,0.0,1.0,1.0,30.0,7.0,4.0,2.0,283,"('CHANGC1_004', 5)"
34.0,277.0,0.0,1.0,1.0,30.0,6.0,5.0,2.0,284,"('CHANGC1_004', 5)"
35.0,278.0,0.0,1.0,1.0,30.0,5.0,6.0,2.0,285,"('CHANGC1_004', 5)"
36.0,279.0,0.0,1.0,1.0,30.0,4.0,7.0,2.0,286,"('CHANGC1_004', 5)"
37.0,280.0,0.0,1.0,1.0,30.0,3.0,8.0,2.0,287,"('CHANGC1_004', 5)"
38.0,281.0,0.0,1.0,1.0,30.0,2.0,10.0,2.0,288,"('CHANGC1_004', 5)"
39.0,282.0,0.0,1.0,1.0,30.0,1.0,11.0,2.0,289,"('CHANGC1_004', 5)"
40.0,283.0,0.0,1.0,1.0,30.0,11.0,9.0,1.0,291,"('CHANGC1_004', 5)"
41.0,284.0,0.0,1.0,1.0,30.0,10.0,1.0,1.0,292,"('CHANGC1_004', 5)"
42.0,285.0,0.0,1.0,1.0,30.0,9.0,2.0,1.0,293,"('CHANGC1_004', 5)"
43.0,286.0,0.0,1.0,1.0,30.0,8.0,3.0,1.0,294,"('CHANGC1_004', 5)"
44.0,287.0,0.0,1.0,1.0,30.0,7.0,4.0,1.0,295,"('CHANGC1_004', 5)"
45.0,288.0,0.0,1.0,1.0,30.0,6.0,5.0,1.0,296,"('CHANGC1_004', 5)"
46.0,289.0,0.0,1.0,1.0,30.0,5.0,6.0,1.0,297,"('CHANGC1_004', 5)"
47.0,290.0,0.0,1.0,1.0,30.0,4.0,7.0,1.0,298,"('CHANGC1_004', 5)"
48.0,291.0,0.0,1.0,1.0,30.0,3.0,8.0,1.0,290,"('CHANGC1_004', 5)"
49.0,292.0,0.0,1.0,1.0,30.0,2.0,10.0,1.0,299,"('CHANGC1_004', 5)"
0.0,296.0,-0.07085094600915909,1.0,1.0,14.0,10.0,1.0,5.0,300,"('CHANGC1_004', 7)"
1.0,297.0,-0.07085094600915909,1.0,1.0,14.0,9.0,2.0,5.0,301,"('CHANGC1_004', 7)"
2.0,298.0,-0.07085094600915909,1.0,1.0,14.0,8.0,3.0,5.0,302,"('CHANGC1_004', 7)"
3.0,299.0,-0.07085094600915909,1.0,1.0,14.0,7.0,4.0,5.0,303,"('CHANGC1_004', 7)"
4.0,300.0,-0.07085094600915909,1.0,1.0,14.0,6.0,5.0,5.0,304,"('CHANGC1_004', 7)"
5.0,301.0,-0.07085094600915909,1.0,1.0,14.0,5.0,6.0,5.0,305,"('CHANGC1_004', 7)"
6.0,302.0,-0.07085094600915909,1.0,1.0,14.0,4.0,7.0,5.0,306,"('CHANGC1_004', 7)"
7.0,303.0,-0.07085094600915909,1.0,1.0,14.0,3.0,8.0,5.0,307,"('CHANGC1_004', 7)"
8.0,304.0,-0.07085094600915909,1.0,1.0,14.0,11.0,9.0,4.0,308,"('CHANGC1_004', 7)"
9.0,305.0,-0.07085094600915909,1.0,1.0,14.0,10.0,1.0,4.0,317,"('CHANGC1_004', 7)"
10.0,306.0,-0.07085094600915909,1.0,1.0,14.0,9.0,2.0,4.0,309,"('CHANGC1_004', 7)"
11.0,307.0,-0.07085094600915909,1.0,1.0,14.0,8.0,3.0,4.0,310,"('CHANGC1_004', 7)"
12.0,308.0,-0.07085094600915909,1.0,1.0,14.0,7.0,4.0,4.0,311,"('CHANGC1_004', 7)"
13.0,309.0,-0.07085094600915909,1.0,1.0,14.0,6.0,5.0,4.0,312,"('CHANGC1_004', 7)"
14.0,310.0,-0.07085094600915909,1.0,1.0,14.0,5.0,6.0,4.0,313,"('CHANGC1_004', 7)"
15.0,311.0,-0.07085094600915909,1.0,1.0,14.0,4.0,7.0,4.0,314,"('CHANGC1_004', 7)"
16.0,312.0,-0.07085094600915909,1.0,1.0,14.0,3.0,8.0,4.0,315,"('CHANGC1_004', 7)"
17.0,313.0,-0.07085094600915909,1.0,1.0,14.0,2.0,10.0,4.0,318,"('CHANGC1_004', 7)"
18.0,314.0,-0.07085094600915909,1.0,1.0,14.0,11.0,9.0,3.0,319,"('CHANGC1_004', 7)"
19.0,315.0,-0.07085094600915909,1.0,1.0,14.0,10.0,1.0,3.0,320,"('CHANGC1_004', 7)"
20.0,316.0,-0.07085094600915909,1.0,1.0,14.0,9.0,2.0,3.0,321,"('CHANGC1_004', 7)"
21.0,317.0,-0.07085094600915909,1.0,1.0,14.0,8.0,3.0,3.0,322,"('CHANGC1_004', 7)"
22.0,318.0,-0.07085094600915909,1.0,1.0,14.0,7.0,4.0,3.0,323,"('CHANGC1_004', 7)"
23.0,319.0,-0.07085094600915909,1.0,1.0,14.0,6.0,5.0,3.0,324,"('CHANGC1_004', 7)"
24.0,320.0,-0.07085094600915909,1.0,1.0,14.0,5.0,6.0,3.0,316,"('CHANGC1_004', 7)"
25.0,321.0,-0.07085094600915909,1.0,1.0,14.0,4.0,7.0,3.0,325,"('CHANGC1_004', 7)"
26.0,322.0,-0.07085094600915909,1.0,1.0,14.0,3.0,8.0,3.0,326,"('CHANGC1_004', 7)"
27.0,323.0,-0.07085094600915909,1.0,1.0,14.0,2.0,10.0,3.0,329,"('CHANGC1_004', 7)"
28.0,324.0,-0.07085094600915909,1.0,1.0,14.0,1.0,11.0,3.0,327,"('CHANGC1_004', 7)"
29.0,325.0,-0.07085094600915909,1.0,1.0,14.0,11.0,9.0,2.0,330,"('CHANGC1_004', 7)"
30.0,326.0,-0.07085094600915909,1.0,1.0,14.0,10.0,1.0,2.0,331,"('CHANGC1_004', 7)"
31.0,327.0,-0.07085094600915909,1.0,1.0,14.0,9.0,2.0,2.0,332,"('CHANGC1_004', 7)"
32.0,328.0,-0.07085094600915909,1.0,1.0,14.0,8.0,3.0,2.0,333,"('CHANGC1_004', 7)"
33.0,329.0,-0.07085094600915909,1.0,1.0,14.0,7.0,4.0,2.0,334,"('CHANGC1_004', 7)"
34.0,330.0,-0.07085094600915909,1.0,1.0,14.0,6.0,5.0,2.0,335,"('CHANGC1_004', 7)"
35.0,331.0,-0.07085094600915909,1.0,1.0,14.0,5.0,6.0,2.0,336,"('CHANGC1_004', 7)"
36.0,332.0,-0.07085094600915909,1.0,1.0,14.0,4.0,7.0,2.0,337,"('CHANGC1_004', 7)"
37.0,333.0,-0.07085094600915909,1.0,1.0,14.0,3.0,8.0,2.0,328,"('CHANGC1_004', 7)"
38.0,334.0,-0.07085094600915909,1.0,1.0,14.0,2.0,10.0,2.0,338,"('CHANGC1_004', 7)"
39.0,335.0,-0.07085094600915909,1.0,1.0,14.0,1.0,11.0,2.0,339,"('CHANGC1_004', 7)"
40.0,336.0,-0.07085094600915909,1.0,1.0,14.0,11.0,9.0,1.0,341,"('CHANGC1_004', 7)"
41.0,337.0,-0.07085094600915909,1.0,1.0,14.0,10.0,1.0,1.0,342,"('CHANGC1_004', 7)"
42.0,338.0,-0.07085094600915909,1.0,1.0,14.0,9.0,2.0,1.0,343,"('CHANGC1_004', 7)"
43.0,339.0,-0.07085094600915909,1.0,1.0,14.0,8.0,3.0,1.0,344,"('CHANGC1_004', 7)"
44.0,340.0,-0.07085094600915909,1.0,1.0,14.0,7.0,4.0,1.0,345,"('CHANGC1_004', 7)"
45.0,341.0,-0.07085094600915909,1.0,1.0,14.0,6.0,5.0,1.0,346,"('CHANGC1_004', 7)"
46.0,342.0,-0.07085094600915909,1.0,1.0,14.0,5.0,6.0,1.0,347,"('CHANGC1_004', 7)"
47.0,343.0,-0.07085094600915909,1.0,1.0,14.0,4.0,7.0,1.0,348,"('CHANGC1_004', 7)"
48.0,344.0,-0.07085094600915909,1.0,1.0,14.0,3.0,8.0,1.0,340,"('CHANGC1_004', 7)"
49.0,345.0,-0.07085094600915909,1.0,1.0,14.0,2.0,10.0,1.0,349,"('CHANGC1_004', 7)"
0.0,347.0,0.5166181921958923,1.0,1.0,39.0,11.0,1.0,3.0,350,"('CHANGC1_004', 13)"
1.0,348.0,0.5479632616043091,1.0,1.0,39.0,11.0,1.0,2.0,361,"('CHANGC1_004', 13)"
2.0,350.0,-1.9909900426864624,1.0,1.0,39.0,10.0,2.0,2.0,362,"('CHANGC1_004', 13)"
3.0,351.0,-0.30532005429267883,1.0,1.0,39.0,11.0,1.0,1.0,371,"('CHANGC1_004', 13)"
4.0,352.0,-1.9404895305633545,1.0,1.0,39.0,10.0,2.0,1.0,376,"('CHANGC1_004', 13)"
5.0,353.0,-0.047593653202056885,2.0,1.0,39.0,9.0,3.0,2.0,382,"('CHANGC1_004', 13)"
6.0,354.0,0.029027707874774933,2.0,1.0,39.0,9.0,3.0,1.0,390,"('CHANGC1_004', 13)"
7.0,357.0,-1.4619543552398682,2.0,1.0,39.0,7.0,4.0,1.0,391,"('CHANGC1_004', 13)"
8.0,389.0,0.7046887874603271,1.0,1.0,42.0,10.0,5.0,3.0,387,"('CHANGC1_004', 13)"
9.0,390.0,0.7698169350624084,1.0,1.0,42.0,10.0,5.0,2.0,351,"('CHANGC1_004', 13)"
10.0,391.0,0.8255415558815002,1.0,1.0,42.0,10.0,5.0,1.0,358,"('CHANGC1_004', 13)"
11.0,505.0,1.0188363790512085,1.0,2.0,19.0,10.0,6.0,5.0,364,"('CHANGC1_004', 13)"
12.0,506.0,0.8255415558815002,1.0,2.0,19.0,10.0,6.0,4.0,372,"('CHANGC1_004', 13)"
13.0,507.0,0.5096526145935059,1.0,2.0,19.0,6.0,7.0,1.0,373,"('CHANGC1_004', 13)"
14.0,508.0,0.6419985890388489,1.0,2.0,19.0,10.0,6.0,3.0,377,"('CHANGC1_004', 13)"
15.0,509.0,0.7534478306770325,1.0,2.0,19.0,10.0,6.0,2.0,380,"('CHANGC1_004', 13)"
16.0,510.0,1.0320709943771362,1.0,2.0,19.0,10.0,6.0,1.0,383,"('CHANGC1_004', 13)"
17.0,511.0,-2.1303014755249023,1.0,2.0,19.0,11.0,8.0,1.0,392,"('CHANGC1_004', 13)"
18.0,512.0,-2.5374395847320557,1.0,2.0,19.0,10.0,6.0,1.0,384,"('CHANGC1_004', 13)"
19.0,513.0,-2.4688286781311035,1.0,2.0,19.0,9.0,9.0,1.0,352,"('CHANGC1_004', 13)"
20.0,515.0,-2.1372671127319336,1.0,2.0,19.0,6.0,7.0,1.0,365,"('CHANGC1_004', 13)"
21.0,516.0,0.561894416809082,3.0,2.0,19.0,8.0,10.0,5.0,374,"('CHANGC1_004', 13)"
22.0,517.0,0.7311580181121826,3.0,2.0,19.0,8.0,10.0,4.0,378,"('CHANGC1_004', 13)"
23.0,518.0,0.7499650716781616,3.0,2.0,19.0,8.0,10.0,3.0,395,"('CHANGC1_004', 13)"
24.0,519.0,0.5827912092208862,3.0,2.0,19.0,8.0,10.0,2.0,388,"('CHANGC1_004', 13)"
25.0,520.0,0.7395166754722595,3.0,2.0,19.0,8.0,10.0,1.0,355,"('CHANGC1_004', 13)"
26.0,521.0,0.7311580181121826,3.0,2.0,19.0,7.0,11.0,4.0,366,"('CHANGC1_004', 13)"
27.0,522.0,0.8997250199317932,3.0,2.0,19.0,7.0,11.0,3.0,393,"('CHANGC1_004', 13)"
28.0,523.0,0.7795687913894653,3.0,2.0,19.0,7.0,11.0,2.0,396,"('CHANGC1_004', 13)"
29.0,524.0,0.7290683388710022,3.0,2.0,19.0,7.0,11.0,1.0,397,"('CHANGC1_004', 13)"
30.0,563.0,-0.4787629544734955,1.0,2.0,22.0,10.0,12.0,4.0,398,"('CHANGC1_004', 13)"
31.0,564.0,-0.4787629544734955,1.0,2.0,22.0,10.0,12.0,3.0,359,"('CHANGC1_004', 13)"
32.0,567.0,0.8116104006767273,1.0,2.0,22.0,9.0,13.0,4.0,370,"('CHANGC1_004', 13)"
33.0,568.0,-0.19526390731334686,1.0,2.0,22.0,9.0,13.0,3.0,381,"('CHANGC1_004', 13)"
34.0,569.0,-1.1565136909484863,1.0,2.0,22.0,9.0,13.0,2.0,394,"('CHANGC1_004', 13)"
35.0,570.0,-0.7737551927566528,1.0,2.0,22.0,9.0,13.0,1.0,399,"('CHANGC1_004', 13)"
36.0,572.0,-0.3561687767505646,2.0,2.0,32.0,10.0,14.0,1.0,353,"('CHANGC1_004', 13)"
37.0,573.0,-0.7302203178405762,1.0,2.0,32.0,8.0,15.0,3.0,354,"('CHANGC1_004', 13)"
38.0,574.0,1.1936724185943604,1.0,2.0,32.0,8.0,15.0,2.0,356,"('CHANGC1_004', 13)"
39.0,576.0,0.5880153775215149,1.0,2.0,32.0,8.0,15.0,1.0,360,"('CHANGC1_004', 13)"
40.0,596.0,1.2166588306427002,3.0,2.0,32.0,9.0,16.0,5.0,363,"('CHANGC1_004', 13)"
41.0,597.0,1.16789972782135,3.0,2.0,32.0,9.0,16.0,4.0,385,"('CHANGC1_004', 13)"
42.0,598.0,0.37869974970817566,3.0,2.0,32.0,9.0,16.0,3.0,389,"('CHANGC1_004', 13)"
43.0,599.0,0.39611369371414185,3.0,2.0,32.0,9.0,16.0,2.0,357,"('CHANGC1_004', 13)"
44.0,600.0,0.427458792924881,3.0,2.0,32.0,9.0,16.0,1.0,367,"('CHANGC1_004', 13)"
45.0,602.0,-0.23914705216884613,4.0,2.0,32.0,2.0,17.0,4.0,369,"('CHANGC1_004', 13)"
46.0,603.0,-0.18342243134975433,4.0,2.0,32.0,2.0,17.0,3.0,368,"('CHANGC1_004', 13)"
47.0,604.0,-0.2565610110759735,4.0,2.0,32.0,2.0,17.0,2.0,375,"('CHANGC1_004', 13)"
48.0,605.0,-0.23914705216884613,4.0,2.0,32.0,2.0,17.0,1.0,379,"('CHANGC1_004', 13)"
49.0,606.0,-0.2565610110759735,4.0,2.0,32.0,1.0,18.0,3.0,386,"('CHANGC1_004', 13)"
0.0,349.0,2.083052635192871,1.0,1.0,39.0,10.0,1.0,3.0,443,"('CHANGC1_004', 8)"
1.0,358.0,2.4924051761627197,2.0,1.0,39.0,6.0,2.0,1.0,444,"('CHANGC1_004', 8)"
2.0,359.0,-1.8734151124954224,1.0,1.0,42.0,11.0,3.0,3.0,445,"('CHANGC1_004', 8)"
3.0,360.0,-1.8961822986602783,1.0,1.0,42.0,11.0,3.0,2.0,446,"('CHANGC1_004', 8)"
4.0,361.0,-1.8324342966079712,1.0,1.0,42.0,11.0,3.0,1.0,447,"('CHANGC1_004', 8)"
5.0,362.0,-0.3370908200740814,1.0,1.0,42.0,7.0,4.0,5.0,448,"('CHANGC1_004', 8)"
6.0,363.0,-1.8278809785842896,1.0,1.0,42.0,7.0,4.0,4.0,449,"('CHANGC1_004', 8)"
7.0,364.0,-0.3234305679798126,1.0,1.0,42.0,9.0,5.0,5.0,407,"('CHANGC1_004', 8)"
8.0,365.0,-0.28244978189468384,1.0,1.0,42.0,5.0,6.0,5.0,405,"('CHANGC1_004', 8)"
9.0,366.0,-0.3257072865962982,1.0,1.0,42.0,5.0,6.0,4.0,408,"('CHANGC1_004', 8)"
10.0,367.0,-0.25512924790382385,1.0,1.0,42.0,4.0,7.0,5.0,412,"('CHANGC1_004', 8)"
11.0,368.0,-0.30294016003608704,1.0,1.0,42.0,4.0,7.0,4.0,419,"('CHANGC1_004', 8)"
12.0,369.0,0.11005513370037079,1.0,1.0,42.0,6.0,8.0,5.0,429,"('CHANGC1_004', 8)"
13.0,370.0,0.20385560393333435,1.0,1.0,42.0,5.0,6.0,3.0,422,"('CHANGC1_004', 8)"
14.0,371.0,-0.47414880990982056,1.0,1.0,42.0,5.0,6.0,2.0,436,"('CHANGC1_004', 8)"
15.0,372.0,-0.4149543344974518,1.0,1.0,42.0,5.0,6.0,1.0,437,"('CHANGC1_004', 8)"
16.0,373.0,-0.05751076713204384,1.0,1.0,42.0,7.0,4.0,3.0,406,"('CHANGC1_004', 8)"
17.0,374.0,-0.3370908200740814,1.0,1.0,42.0,7.0,4.0,2.0,421,"('CHANGC1_004', 8)"
18.0,375.0,-0.3735181987285614,1.0,1.0,42.0,7.0,4.0,1.0,410,"('CHANGC1_004', 8)"
19.0,376.0,1.0785678625106812,1.0,1.0,42.0,8.0,9.0,5.0,411,"('CHANGC1_004', 8)"
20.0,377.0,0.2612287104129791,1.0,1.0,42.0,10.0,10.0,4.0,430,"('CHANGC1_004', 8)"
21.0,378.0,0.5348893404006958,1.0,1.0,42.0,9.0,5.0,4.0,423,"('CHANGC1_004', 8)"
22.0,379.0,1.273454189300537,1.0,1.0,42.0,8.0,9.0,4.0,438,"('CHANGC1_004', 8)"
23.0,380.0,-0.3234305679798126,1.0,1.0,42.0,8.0,9.0,3.0,402,"('CHANGC1_004', 8)"
24.0,381.0,-1.8415411710739136,1.0,1.0,42.0,8.0,9.0,2.0,426,"('CHANGC1_004', 8)"
25.0,382.0,-0.3370908200740814,1.0,1.0,42.0,8.0,9.0,1.0,409,"('CHANGC1_004', 8)"
26.0,383.0,1.09496009349823,1.0,1.0,42.0,9.0,5.0,3.0,413,"('CHANGC1_004', 8)"
27.0,384.0,-0.20094352960586548,1.0,1.0,42.0,9.0,5.0,2.0,433,"('CHANGC1_004', 8)"
28.0,385.0,-0.1376509815454483,1.0,1.0,42.0,9.0,5.0,1.0,431,"('CHANGC1_004', 8)"
29.0,386.0,1.273454189300537,1.0,1.0,42.0,6.0,8.0,4.0,439,"('CHANGC1_004', 8)"
30.0,387.0,1.2506871223449707,1.0,1.0,42.0,6.0,8.0,3.0,416,"('CHANGC1_004', 8)"
31.0,388.0,1.2279200553894043,1.0,1.0,42.0,6.0,8.0,2.0,427,"('CHANGC1_004', 8)"
32.0,392.0,1.600389838218689,1.0,1.0,42.0,6.0,8.0,1.0,414,"('CHANGC1_004', 8)"
33.0,393.0,-0.46048855781555176,1.0,1.0,42.0,4.0,7.0,3.0,424,"('CHANGC1_004', 8)"
34.0,394.0,-0.339367538690567,1.0,1.0,42.0,4.0,7.0,2.0,440,"('CHANGC1_004', 8)"
35.0,395.0,-0.30294016003608704,1.0,1.0,42.0,4.0,7.0,1.0,403,"('CHANGC1_004', 8)"
36.0,396.0,-0.21369311213493347,1.0,1.0,42.0,3.0,11.0,5.0,417,"('CHANGC1_004', 8)"
37.0,397.0,-0.3370908200740814,1.0,1.0,42.0,3.0,11.0,4.0,434,"('CHANGC1_004', 8)"
38.0,398.0,-0.348474383354187,1.0,1.0,42.0,3.0,11.0,3.0,420,"('CHANGC1_004', 8)"
39.0,399.0,0.40648284554481506,1.0,1.0,42.0,3.0,11.0,2.0,400,"('CHANGC1_004', 8)"
40.0,400.0,-0.07936719059944153,1.0,1.0,42.0,2.0,12.0,2.0,401,"('CHANGC1_004', 8)"
41.0,401.0,-0.1590520590543747,1.0,1.0,42.0,3.0,11.0,1.0,404,"('CHANGC1_004', 8)"
42.0,402.0,1.1036115884780884,1.0,1.0,42.0,2.0,12.0,1.0,418,"('CHANGC1_004', 8)"
0.0,0.0,0.0,0.0,0.0,0.0,0.0,0.0,0.0,428,"('CHANGC1_004', 8)"
0.0,0.0,0.0,0.0,0.0,0.0,0.0,0.0,0.0,415,"('CHANGC1_004', 8)"
0.0,0.0,0.0,0.0,0.0,0.0,0.0,0.0,0.0,435,"('CHANGC1_004', 8)"
0.0,0.0,0.0,0.0,0.0,0.0,0.0,0.0,0.0,432,"('CHANGC1_004', 8)"
0.0,0.0,0.0,0.0,0.0,0.0,0.0,0.0,0.0,425,"('CHANGC1_004', 8)"
0.0,0.0,0.0,0.0,0.0,0.0,0.0,0.0,0.0,442,"('CHANGC1_004', 8)"
0.0,0.0,0.0,0.0,0.0,0.0,0.0,0.0,0.0,441,"('CHANGC1_004', 8)"
0.0,403.0,0.0,1.0,1.0,24.0,10.0,1.0,5.0,450,"('CHANGC1_004', 6)"
1.0,404.0,0.0,1.0,1.0,24.0,9.0,2.0,5.0,451,"('CHANGC1_004', 6)"
2.0,405.0,0.0,1.0,1.0,24.0,8.0,3.0,5.0,452,"('CHANGC1_004', 6)"
3.0,406.0,0.0,1.0,1.0,24.0,7.0,4.0,5.0,453,"('CHANGC1_004', 6)"
4.0,407.0,0.0,1.0,1.0,24.0,6.0,5.0,5.0,454,"('CHANGC1_004', 6)"
5.0,408.0,0.0,1.0,1.0,24.0,5.0,6.0,5.0,455,"('CHANGC1_004', 6)"
6.0,409.0,0.0,1.0,1.0,24.0,4.0,7.0,5.0,456,"('CHANGC1_004', 6)"
7.0,410.0,0.0,1.0,1.0,24.0,3.0,8.0,5.0,457,"('CHANGC1_004', 6)"
8.0,411.0,0.0,1.0,1.0,24.0,11.0,9.0,4.0,458,"('CHANGC1_004', 6)"
9.0,412.0,0.0,1.0,1.0,24.0,10.0,1.0,4.0,494,"('CHANGC1_004', 6)"
10.0,413.0,0.0,1.0,1.0,24.0,9.0,2.0,4.0,459,"('CHANGC1_004', 6)"
11.0,414.0,0.0,1.0,1.0,24.0,8.0,3.0,4.0,460,"('CHANGC1_004', 6)"
12.0,415.0,0.0,1.0,1.0,24.0,7.0,4.0,4.0,461,"('CHANGC1_004', 6)"
13.0,416.0,0.0,1.0,1.0,24.0,6.0,5.0,4.0,462,"('CHANGC1_004', 6)"
14.0,417.0,0.0,1.0,1.0,24.0,5.0,6.0,4.0,463,"('CHANGC1_004', 6)"
15.0,418.0,0.0,1.0,1.0,24.0,4.0,7.0,4.0,464,"('CHANGC1_004', 6)"
16.0,419.0,0.0,1.0,1.0,24.0,3.0,8.0,4.0,465,"('CHANGC1_004', 6)"
17.0,420.0,0.0,1.0,1.0,24.0,11.0,9.0,3.0,466,"('CHANGC1_004', 6)"
18.0,421.0,0.0,1.0,1.0,24.0,10.0,1.0,3.0,467,"('CHANGC1_004', 6)"
19.0,422.0,0.0,1.0,1.0,24.0,9.0,2.0,3.0,495,"('CHANGC1_004', 6)"
20.0,423.0,0.0,1.0,1.0,24.0,8.0,3.0,3.0,468,"('CHANGC1_004', 6)"
21.0,424.0,0.0,1.0,1.0,24.0,7.0,4.0,3.0,469,"('CHANGC1_004', 6)"
22.0,425.0,0.0,1.0,1.0,24.0,6.0,5.0,3.0,470,"('CHANGC1_004', 6)"
23.0,426.0,0.0,1.0,1.0,24.0,5.0,6.0,3.0,471,"('CHANGC1_004', 6)"
24.0,427.0,0.0,1.0,1.0,24.0,4.0,7.0,3.0,472,"('CHANGC1_004', 6)"
25.0,428.0,0.0,1.0,1.0,24.0,3.0,8.0,3.0,473,"('CHANGC1_004', 6)"
26.0,429.0,0.0,1.0,1.0,24.0,11.0,9.0,2.0,474,"('CHANGC1_004', 6)"
27.0,430.0,0.0,1.0,1.0,24.0,10.0,1.0,2.0,475,"('CHANGC1_004', 6)"
28.0,431.0,0.0,1.0,1.0,24.0,9.0,2.0,2.0,476,"('CHANGC1_004', 6)"
29.0,432.0,0.0,1.0,1.0,24.0,8.0,3.0,2.0,496,"('CHANGC1_004', 6)"
30.0,433.0,0.0,1.0,1.0,24.0,7.0,4.0,2.0,477,"('CHANGC1_004', 6)"
31.0,434.0,0.0,1.0,1.0,24.0,6.0,5.0,2.0,478,"('CHANGC1_004', 6)"
32.0,435.0,0.0,1.0,1.0,24.0,5.0,6.0,2.0,479,"('CHANGC1_004', 6)"
33.0,436.0,0.0,1.0,1.0,24.0,4.0,7.0,2.0,480,"('CHANGC1_004', 6)"
34.0,437.0,0.0,1.0,1.0,24.0,3.0,8.0,2.0,481,"('CHANGC1_004', 6)"
35.0,438.0,0.0,1.0,1.0,24.0,11.0,9.0,1.0,482,"('CHANGC1_004', 6)"
36.0,439.0,0.0,1.0,1.0,24.0,10.0,1.0,1.0,483,"('CHANGC1_004', 6)"
37.0,440.0,0.0,1.0,1.0,24.0,9.0,2.0,1.0,484,"('CHANGC1_004', 6)"
38.0,441.0,0.0,1.0,1.0,24.0,8.0,3.0,1.0,497,"('CHANGC1_004', 6)"
39.0,442.0,0.0,1.0,1.0,24.0,7.0,4.0,1.0,498,"('CHANGC1_004', 6)"
40.0,443.0,0.0,1.0,1.0,24.0,6.0,5.0,1.0,486,"('CHANGC1_004', 6)"
41.0,444.0,0.0,1.0,1.0,24.0,5.0,6.0,1.0,487,"('CHANGC1_004', 6)"
42.0,445.0,0.0,1.0,1.0,24.0,4.0,7.0,1.0,488,"('CHANGC1_004', 6)"
43.0,446.0,0.0,1.0,1.0,24.0,3.0,8.0,1.0,489,"('CHANGC1_004', 6)"
44.0,447.0,0.0,1.0,1.0,24.0,2.0,10.0,4.0,490,"('CHANGC1_004', 6)"
45.0,448.0,0.0,1.0,1.0,24.0,2.0,10.0,3.0,491,"('CHANGC1_004', 6)"
46.0,449.0,0.0,1.0,1.0,24.0,1.0,11.0,3.0,492,"('CHANGC1_004', 6)"
47.0,450.0,0.0,1.0,1.0,24.0,2.0,10.0,2.0,493,"('CHANGC1_004', 6)"
48.0,451.0,0.0,1.0,1.0,24.0,1.0,11.0,2.0,485,"('CHANGC1_004', 6)"
49.0,452.0,0.0,1.0,1.0,24.0,2.0,10.0,1.0,499,"('CHANGC1_004', 6)"
0.0,454.0,0.0,1.0,1.0,28.0,2.0,1.0,4.0,500,"('CHANGC1_004', 3)"
1.0,455.0,0.0,1.0,1.0,28.0,2.0,1.0,3.0,507,"('CHANGC1_004', 3)"
2.0,456.0,0.0,1.0,1.0,28.0,1.0,2.0,3.0,516,"('CHANGC1_004', 3)"
3.0,457.0,0.0,1.0,1.0,28.0,2.0,1.0,2.0,517,"('CHANGC1_004', 3)"
4.0,458.0,0.0,1.0,1.0,28.0,1.0,2.0,2.0,518,"('CHANGC1_004', 3)"
5.0,459.0,0.0,1.0,1.0,28.0,2.0,1.0,1.0,519,"('CHANGC1_004', 3)"
6.0,460.0,0.0,1.0,1.0,28.0,1.0,2.0,1.0,520,"('CHANGC1_004', 3)"
7.0,461.0,0.0,1.0,1.0,28.0,10.0,3.0,5.0,526,"('CHANGC1_004', 3)"
8.0,462.0,0.0,1.0,1.0,28.0,11.0,4.0,4.0,546,"('CHANGC1_004', 3)"
9.0,463.0,0.0,1.0,1.0,28.0,10.0,3.0,4.0,509,"('CHANGC1_004', 3)"
10.0,464.0,0.0,1.0,1.0,28.0,11.0,4.0,3.0,508,"('CHANGC1_004', 3)"
11.0,465.0,0.0,1.0,1.0,28.0,10.0,3.0,3.0,521,"('CHANGC1_004', 3)"
12.0,466.0,0.0,1.0,1.0,28.0,11.0,4.0,2.0,522,"('CHANGC1_004', 3)"
13.0,467.0,0.0,1.0,1.0,28.0,10.0,3.0,2.0,523,"('CHANGC1_004', 3)"
14.0,468.0,0.0,1.0,1.0,28.0,11.0,4.0,1.0,524,"('CHANGC1_004', 3)"
15.0,469.0,0.0,1.0,1.0,28.0,10.0,3.0,1.0,525,"('CHANGC1_004', 3)"
16.0,470.0,0.0,1.0,1.0,28.0,9.0,5.0,5.0,547,"('CHANGC1_004', 3)"
17.0,471.0,0.0,1.0,1.0,28.0,8.0,6.0,5.0,501,"('CHANGC1_004', 3)"
18.0,472.0,0.0,1.0,1.0,28.0,7.0,7.0,5.0,511,"('CHANGC1_004', 3)"
19.0,473.0,0.0,1.0,1.0,28.0,6.0,8.0,5.0,510,"('CHANGC1_004', 3)"
20.0,474.0,0.0,1.0,1.0,28.0,5.0,9.0,5.0,527,"('CHANGC1_004', 3)"
21.0,475.0,0.0,1.0,1.0,28.0,9.0,5.0,4.0,528,"('CHANGC1_004', 3)"
22.0,476.0,0.0,1.0,1.0,28.0,8.0,6.0,4.0,529,"('CHANGC1_004', 3)"
23.0,477.0,0.0,1.0,1.0,28.0,7.0,7.0,4.0,530,"('CHANGC1_004', 3)"
24.0,478.0,0.0,1.0,1.0,28.0,6.0,8.0,4.0,542,"('CHANGC1_004', 3)"
25.0,479.0,0.0,1.0,1.0,28.0,5.0,9.0,4.0,543,"('CHANGC1_004', 3)"
26.0,480.0,0.0,1.0,1.0,28.0,4.0,10.0,5.0,502,"('CHANGC1_004', 3)"
27.0,481.0,0.0,1.0,1.0,28.0,9.0,5.0,3.0,513,"('CHANGC1_004', 3)"
28.0,482.0,0.0,1.0,1.0,28.0,8.0,6.0,3.0,532,"('CHANGC1_004', 3)"
29.0,483.0,0.0,1.0,1.0,28.0,7.0,7.0,3.0,533,"('CHANGC1_004', 3)"
30.0,484.0,0.0,1.0,1.0,28.0,6.0,8.0,3.0,531,"('CHANGC1_004', 3)"
31.0,485.0,0.0,1.0,1.0,28.0,5.0,9.0,3.0,548,"('CHANGC1_004', 3)"
32.0,486.0,0.0,1.0,1.0,28.0,9.0,5.0,2.0,503,"('CHANGC1_004', 3)"
33.0,487.0,0.0,1.0,1.0,28.0,8.0,6.0,2.0,512,"('CHANGC1_004', 3)"
34.0,488.0,0.0,1.0,1.0,28.0,7.0,7.0,2.0,534,"('CHANGC1_004', 3)"
35.0,489.0,0.0,1.0,1.0,28.0,6.0,8.0,2.0,535,"('CHANGC1_004', 3)"
36.0,490.0,0.0,1.0,1.0,28.0,5.0,9.0,2.0,536,"('CHANGC1_004', 3)"
37.0,491.0,0.0,1.0,1.0,28.0,9.0,5.0,1.0,544,"('CHANGC1_004', 3)"
38.0,492.0,0.0,1.0,1.0,28.0,8.0,6.0,1.0,549,"('CHANGC1_004', 3)"
39.0,493.0,0.0,1.0,1.0,28.0,7.0,7.0,1.0,504,"('CHANGC1_004', 3)"
40.0,494.0,0.0,1.0,1.0,28.0,6.0,8.0,1.0,505,"('CHANGC1_004', 3)"
41.0,495.0,0.0,1.0,1.0,28.0,5.0,9.0,1.0,506,"('CHANGC1_004', 3)"
42.0,496.0,0.0,1.0,1.0,28.0,4.0,10.0,4.0,515,"('CHANGC1_004', 3)"
43.0,497.0,0.0,1.0,1.0,28.0,4.0,10.0,3.0,514,"('CHANGC1_004', 3)"
44.0,498.0,0.0,1.0,1.0,28.0,4.0,10.0,2.0,537,"('CHANGC1_004', 3)"
45.0,499.0,0.0,1.0,1.0,28.0,4.0,10.0,1.0,538,"('CHANGC1_004', 3)"
46.0,500.0,0.0,1.0,1.0,28.0,3.0,11.0,5.0,539,"('CHANGC1_004', 3)"
47.0,501.0,0.0,1.0,1.0,28.0,3.0,11.0,4.0,540,"('CHANGC1_004', 3)"
48.0,502.0,0.0,1.0,1.0,28.0,3.0,11.0,3.0,541,"('CHANGC1_004', 3)"
49.0,503.0,0.0,1.0,1.0,28.0,3.0,11.0,2.0,545,"('CHANGC1_004', 3)"
0.0,514.0,1.781130313873291,1.0,1.0,19.0,5.0,1.0,1.0,552,"('CHANGC1_004', 2)"
1.0,525.0,-0.6206750273704529,1.0,1.0,22.0,2.0,2.0,4.0,565,"('CHANGC1_004', 2)"
2.0,526.0,-0.6397566199302673,1.0,1.0,22.0,7.0,3.0,5.0,566,"('CHANGC1_004', 2)"
3.0,527.0,-0.4008835256099701,1.0,1.0,22.0,4.0,4.0,5.0,584,"('CHANGC1_004', 2)"
4.0,528.0,-0.6397566199302673,1.0,1.0,22.0,7.0,3.0,4.0,585,"('CHANGC1_004', 2)"
5.0,529.0,-0.5867522358894348,1.0,1.0,22.0,4.0,4.0,4.0,580,"('CHANGC1_004', 2)"
6.0,530.0,-0.3556531071662903,1.0,1.0,22.0,7.0,3.0,3.0,581,"('CHANGC1_004', 2)"
7.0,531.0,-0.43445295095443726,1.0,1.0,22.0,4.0,4.0,3.0,586,"('CHANGC1_004', 2)"
8.0,532.0,-0.25105780363082886,1.0,1.0,22.0,2.0,2.0,3.0,593,"('CHANGC1_004', 2)"
9.0,533.0,-0.5192599892616272,1.0,1.0,22.0,7.0,3.0,2.0,595,"('CHANGC1_004', 2)"
10.0,534.0,-1.8673381805419922,1.0,1.0,22.0,2.0,2.0,2.0,551,"('CHANGC1_004', 2)"
11.0,535.0,-0.5616635084152222,1.0,1.0,22.0,7.0,3.0,1.0,553,"('CHANGC1_004', 2)"
12.0,536.0,-1.8249346017837524,1.0,1.0,22.0,2.0,2.0,1.0,554,"('CHANGC1_004', 2)"
13.0,537.0,-0.5899325013160706,1.0,1.0,22.0,4.0,4.0,2.0,567,"('CHANGC1_004', 2)"
14.0,538.0,-0.6574247479438782,1.0,1.0,22.0,4.0,4.0,1.0,568,"('CHANGC1_004', 2)"
15.0,539.0,0.5641496181488037,1.0,1.0,22.0,6.0,5.0,5.0,571,"('CHANGC1_004', 2)"
16.0,540.0,1.0768786668777466,1.0,1.0,22.0,5.0,6.0,5.0,572,"('CHANGC1_004', 2)"
17.0,541.0,-0.611487627029419,1.0,1.0,22.0,6.0,5.0,4.0,582,"('CHANGC1_004', 2)"
18.0,542.0,0.745071291923523,1.0,1.0,22.0,5.0,6.0,4.0,592,"('CHANGC1_004', 2)"
19.0,543.0,-0.0075909849256277084,1.0,1.0,22.0,6.0,5.0,3.0,596,"('CHANGC1_004', 2)"
20.0,544.0,0.5044313669204712,1.0,1.0,22.0,5.0,6.0,3.0,558,"('CHANGC1_004', 2)"
21.0,545.0,0.6934803128242493,1.0,1.0,22.0,3.0,7.0,5.0,555,"('CHANGC1_004', 2)"
22.0,546.0,0.26732510328292847,1.0,1.0,22.0,3.0,7.0,4.0,556,"('CHANGC1_004', 2)"
23.0,547.0,0.5924186706542969,1.0,1.0,22.0,3.0,7.0,3.0,557,"('CHANGC1_004', 2)"
24.0,548.0,-0.3729678690433502,1.0,1.0,22.0,6.0,5.0,2.0,569,"('CHANGC1_004', 2)"
25.0,549.0,-0.6680256128311157,1.0,1.0,22.0,5.0,6.0,2.0,570,"('CHANGC1_004', 2)"
26.0,550.0,0.07509585469961166,1.0,1.0,22.0,3.0,7.0,2.0,573,"('CHANGC1_004', 2)"
27.0,551.0,-0.27155283093452454,1.0,1.0,22.0,6.0,5.0,1.0,587,"('CHANGC1_004', 2)"
28.0,552.0,-0.6680256128311157,1.0,1.0,22.0,5.0,6.0,1.0,598,"('CHANGC1_004', 2)"
29.0,553.0,-1.8249346017837524,1.0,1.0,22.0,3.0,7.0,1.0,597,"('CHANGC1_004', 2)"
30.0,554.0,0.636588990688324,1.0,1.0,22.0,11.0,8.0,4.0,559,"('CHANGC1_004', 2)"
31.0,555.0,0.9917183518409729,1.0,1.0,22.0,11.0,8.0,3.0,563,"('CHANGC1_004', 2)"
32.0,556.0,0.7072615027427673,1.0,1.0,22.0,11.0,8.0,2.0,575,"('CHANGC1_004', 2)"
33.0,557.0,1.0199873447418213,1.0,1.0,22.0,11.0,8.0,1.0,589,"('CHANGC1_004', 2)"
34.0,558.0,1.583600640296936,1.0,1.0,22.0,8.0,9.0,5.0,594,"('CHANGC1_004', 2)"
35.0,559.0,1.1648659706115723,1.0,1.0,22.0,8.0,9.0,4.0,560,"('CHANGC1_004', 2)"
36.0,560.0,0.756025493144989,1.0,1.0,22.0,8.0,9.0,3.0,574,"('CHANGC1_004', 2)"
37.0,561.0,0.7832344174385071,1.0,1.0,22.0,8.0,9.0,2.0,576,"('CHANGC1_004', 2)"
38.0,562.0,0.636588990688324,1.0,1.0,22.0,8.0,9.0,1.0,583,"('CHANGC1_004', 2)"
39.0,565.0,1.0199873447418213,1.0,1.0,22.0,10.0,10.0,2.0,599,"('CHANGC1_004', 2)"
40.0,566.0,0.6719252467155457,1.0,1.0,22.0,10.0,10.0,1.0,550,"('CHANGC1_004', 2)"
41.0,571.0,0.03799278661608696,1.0,1.0,28.0,11.0,11.0,1.0,562,"('CHANGC1_004', 2)"
42.0,614.0,-0.2556515038013458,1.0,1.0,36.0,4.0,12.0,5.0,561,"('CHANGC1_004', 2)"
43.0,615.0,-0.6485906839370728,1.0,1.0,36.0,3.0,13.0,5.0,564,"('CHANGC1_004', 2)"
44.0,616.0,0.5069049000740051,1.0,1.0,36.0,4.0,12.0,4.0,577,"('CHANGC1_004', 2)"
45.0,617.0,3.108713388442993,1.0,1.0,36.0,2.0,14.0,4.0,578,"('CHANGC1_004', 2)"
46.0,618.0,2.1072840690612793,1.0,1.0,36.0,2.0,14.0,3.0,579,"('CHANGC1_004', 2)"
47.0,619.0,0.79595547914505,1.0,1.0,36.0,2.0,14.0,2.0,588,"('CHANGC1_004', 2)"
48.0,620.0,-0.6574247479438782,1.0,1.0,36.0,3.0,13.0,4.0,590,"('CHANGC1_004', 2)"
49.0,621.0,-0.6680256128311157,1.0,1.0,36.0,3.0,13.0,3.0,591,"('CHANGC1_004', 2)"
0.0,575.0,-0.6269907355308533,1.0,1.0,32.0,7.0,1.0,5.0,628,"('CHANGC1_004', 10)"
1.0,577.0,-0.6816619634628296,1.0,1.0,32.0,6.0,2.0,5.0,629,"('CHANGC1_004', 10)"
2.0,578.0,-0.8792850375175476,1.0,1.0,32.0,5.0,3.0,5.0,630,"('CHANGC1_004', 10)"
3.0,579.0,-0.43608954548835754,1.0,1.0,32.0,4.0,4.0,5.0,631,"('CHANGC1_004', 10)"
4.0,580.0,-0.5920369625091553,1.0,1.0,32.0,3.0,5.0,5.0,632,"('CHANGC1_004', 10)"
5.0,581.0,-0.46925076842308044,1.0,1.0,32.0,7.0,1.0,4.0,633,"('CHANGC1_004', 10)"
6.0,582.0,-0.3406389355659485,1.0,1.0,32.0,6.0,2.0,4.0,634,"('CHANGC1_004', 10)"
7.0,583.0,-0.12150586396455765,1.0,1.0,32.0,5.0,3.0,4.0,635,"('CHANGC1_004', 10)"
8.0,584.0,-0.18334709107875824,1.0,1.0,32.0,4.0,4.0,4.0,636,"('CHANGC1_004', 10)"
9.0,585.0,-0.8824219107627869,1.0,1.0,32.0,3.0,5.0,4.0,637,"('CHANGC1_004', 10)"
10.0,586.0,-0.9048281908035278,1.0,1.0,32.0,7.0,1.0,3.0,638,"('CHANGC1_004', 10)"
11.0,587.0,0.5520258545875549,1.0,1.0,32.0,6.0,2.0,3.0,639,"('CHANGC1_004', 10)"
12.0,588.0,0.9616119861602783,1.0,1.0,32.0,5.0,3.0,3.0,640,"('CHANGC1_004', 10)"
13.0,589.0,-0.9030356407165527,1.0,1.0,32.0,4.0,4.0,3.0,641,"('CHANGC1_004', 10)"
14.0,590.0,-0.03143275901675224,1.0,1.0,32.0,7.0,1.0,2.0,642,"('CHANGC1_004', 10)"
15.0,591.0,1.1569944620132446,1.0,1.0,32.0,6.0,2.0,2.0,643,"('CHANGC1_004', 10)"
16.0,592.0,0.695425808429718,1.0,1.0,32.0,5.0,3.0,2.0,644,"('CHANGC1_004', 10)"
17.0,593.0,-0.8358169198036194,1.0,1.0,32.0,4.0,4.0,2.0,645,"('CHANGC1_004', 10)"
18.0,594.0,0.9884994626045227,1.0,1.0,32.0,3.0,5.0,3.0,646,"('CHANGC1_004', 10)"
19.0,595.0,1.4213881492614746,1.0,1.0,32.0,6.0,2.0,1.0,647,"('CHANGC1_004', 10)"
20.0,601.0,2.691822052001953,1.0,1.0,32.0,11.0,6.0,1.0,648,"('CHANGC1_004', 10)"
21.0,609.0,-0.6278870105743408,1.0,1.0,32.0,7.0,1.0,1.0,649,"('CHANGC1_004', 10)"
22.0,610.0,-0.6144432425498962,1.0,1.0,32.0,3.0,5.0,2.0,600,"('CHANGC1_004', 10)"
23.0,611.0,-0.650293231010437,1.0,1.0,32.0,5.0,3.0,1.0,601,"('CHANGC1_004', 10)"
24.0,612.0,-0.668218195438385,1.0,1.0,32.0,4.0,4.0,1.0,602,"('CHANGC1_004', 10)"
25.0,613.0,-0.6601519584655762,1.0,1.0,32.0,3.0,5.0,1.0,603,"('CHANGC1_004', 10)"
26.0,628.0,0.003520981175825,1.0,1.0,36.0,6.0,7.0,1.0,604,"('CHANGC1_004', 10)"
27.0,629.0,2.638047218322754,1.0,1.0,36.0,7.0,8.0,1.0,609,"('CHANGC1_004', 10)"
0.0,0.0,0.0,0.0,0.0,0.0,0.0,0.0,0.0,618,"('CHANGC1_004', 10)"
0.0,0.0,0.0,0.0,0.0,0.0,0.0,0.0,0.0,626,"('CHANGC1_004', 10)"
0.0,0.0,0.0,0.0,0.0,0.0,0.0,0.0,0.0,605,"('CHANGC1_004', 10)"
0.0,0.0,0.0,0.0,0.0,0.0,0.0,0.0,0.0,606,"('CHANGC1_004', 10)"
0.0,0.0,0.0,0.0,0.0,0.0,0.0,0.0,0.0,607,"('CHANGC1_004', 10)"
0.0,0.0,0.0,0.0,0.0,0.0,0.0,0.0,0.0,608,"('CHANGC1_004', 10)"
0.0,0.0,0.0,0.0,0.0,0.0,0.0,0.0,0.0,613,"('CHANGC1_004', 10)"
0.0,0.0,0.0,0.0,0.0,0.0,0.0,0.0,0.0,622,"('CHANGC1_004', 10)"
0.0,0.0,0.0,0.0,0.0,0.0,0.0,0.0,0.0,610,"('CHANGC1_004', 10)"
0.0,0.0,0.0,0.0,0.0,0.0,0.0,0.0,0.0,611,"('CHANGC1_004', 10)"
0.0,0.0,0.0,0.0,0.0,0.0,0.0,0.0,0.0,612,"('CHANGC1_004', 10)"
0.0,0.0,0.0,0.0,0.0,0.0,0.0,0.0,0.0,615,"('CHANGC1_004', 10)"
0.0,0.0,0.0,0.0,0.0,0.0,0.0,0.0,0.0,616,"('CHANGC1_004', 10)"
0.0,0.0,0.0,0.0,0.0,0.0,0.0,0.0,0.0,617,"('CHANGC1_004', 10)"
0.0,0.0,0.0,0.0,0.0,0.0,0.0,0.0,0.0,627,"('CHANGC1_004', 10)"
0.0,0.0,0.0,0.0,0.0,0.0,0.0,0.0,0.0,614,"('CHANGC1_004', 10)"
0.0,0.0,0.0,0.0,0.0,0.0,0.0,0.0,0.0,621,"('CHANGC1_004', 10)"
0.0,0.0,0.0,0.0,0.0,0.0,0.0,0.0,0.0,619,"('CHANGC1_004', 10)"
0.0,0.0,0.0,0.0,0.0,0.0,0.0,0.0,0.0,623,"('CHANGC1_004', 10)"
0.0,0.0,0.0,0.0,0.0,0.0,0.0,0.0,0.0,624,"('CHANGC1_004', 10)"
0.0,0.0,0.0,0.0,0.0,0.0,0.0,0.0,0.0,625,"('CHANGC1_004', 10)"
0.0,0.0,0.0,0.0,0.0,0.0,0.0,0.0,0.0,620,"('CHANGC1_004', 10)"
0.0,679.0,0.0,1.0,1.0,16.0,7.0,1.0,5.0,681,"('CHANGC1_004', 12)"
1.0,680.0,0.0,1.0,1.0,16.0,6.0,2.0,5.0,682,"('CHANGC1_004', 12)"
2.0,681.0,0.0,1.0,1.0,16.0,5.0,3.0,5.0,683,"('CHANGC1_004', 12)"
3.0,682.0,0.0,1.0,1.0,16.0,4.0,4.0,5.0,684,"('CHANGC1_004', 12)"
4.0,683.0,0.0,1.0,1.0,16.0,3.0,5.0,5.0,685,"('CHANGC1_004', 12)"
5.0,684.0,0.0,1.0,1.0,16.0,7.0,1.0,4.0,686,"('CHANGC1_004', 12)"
6.0,685.0,0.0,1.0,1.0,16.0,6.0,2.0,4.0,687,"('CHANGC1_004', 12)"
7.0,686.0,0.0,1.0,1.0,16.0,5.0,3.0,4.0,688,"('CHANGC1_004', 12)"
8.0,687.0,0.0,1.0,1.0,16.0,4.0,4.0,4.0,689,"('CHANGC1_004', 12)"
9.0,688.0,0.0,1.0,1.0,16.0,3.0,5.0,4.0,690,"('CHANGC1_004', 12)"
10.0,689.0,0.0,1.0,1.0,16.0,7.0,1.0,3.0,691,"('CHANGC1_004', 12)"
11.0,690.0,0.0,1.0,1.0,16.0,6.0,2.0,3.0,692,"('CHANGC1_004', 12)"
12.0,691.0,0.0,1.0,1.0,16.0,5.0,3.0,3.0,693,"('CHANGC1_004', 12)"
13.0,692.0,0.0,1.0,1.0,16.0,4.0,4.0,3.0,694,"('CHANGC1_004', 12)"
14.0,693.0,0.0,1.0,1.0,16.0,3.0,5.0,3.0,695,"('CHANGC1_004', 12)"
15.0,694.0,0.0,1.0,1.0,16.0,7.0,1.0,2.0,696,"('CHANGC1_004', 12)"
16.0,695.0,0.0,1.0,1.0,16.0,2.0,6.0,3.0,697,"('CHANGC1_004', 12)"
17.0,696.0,0.0,1.0,1.0,16.0,2.0,6.0,2.0,698,"('CHANGC1_004', 12)"
18.0,697.0,0.0,1.0,1.0,16.0,6.0,2.0,2.0,699,"('CHANGC1_004', 12)"
19.0,698.0,0.0,1.0,1.0,16.0,2.0,6.0,1.0,650,"('CHANGC1_004', 12)"
20.0,699.0,0.0,1.0,1.0,16.0,1.0,7.0,3.0,651,"('CHANGC1_004', 12)"
21.0,700.0,0.0,1.0,1.0,16.0,1.0,7.0,2.0,652,"('CHANGC1_004', 12)"
22.0,701.0,0.0,1.0,1.0,16.0,5.0,3.0,2.0,653,"('CHANGC1_004', 12)"
23.0,702.0,0.0,1.0,1.0,16.0,4.0,4.0,2.0,654,"('CHANGC1_004', 12)"
24.0,703.0,0.0,1.0,1.0,16.0,3.0,5.0,2.0,659,"('CHANGC1_004', 12)"
25.0,704.0,0.0,1.0,1.0,16.0,7.0,1.0,1.0,664,"('CHANGC1_004', 12)"
26.0,705.0,0.0,1.0,1.0,16.0,6.0,2.0,1.0,670,"('CHANGC1_004', 12)"
27.0,706.0,0.0,1.0,1.0,16.0,4.0,4.0,1.0,655,"('CHANGC1_004', 12)"
28.0,707.0,0.0,1.0,1.0,16.0,5.0,3.0,1.0,656,"('CHANGC1_004', 12)"
29.0,708.0,0.0,1.0,1.0,16.0,3.0,5.0,1.0,657,"('CHANGC1_004', 12)"
30.0,709.0,0.0,1.0,1.0,16.0,1.0,7.0,1.0,658,"('CHANGC1_004', 12)"
0.0,0.0,0.0,0.0,0.0,0.0,0.0,0.0,0.0,663,"('CHANGC1_004', 12)"
0.0,0.0,0.0,0.0,0.0,0.0,0.0,0.0,0.0,666,"('CHANGC1_004', 12)"
0.0,0.0,0.0,0.0,0.0,0.0,0.0,0.0,0.0,671,"('CHANGC1_004', 12)"
0.0,0.0,0.0,0.0,0.0,0.0,0.0,0.0,0.0,660,"('CHANGC1_004', 12)"
0.0,0.0,0.0,0.0,0.0,0.0,0.0,0.0,0.0,661,"('CHANGC1_004', 12)"
0.0,0.0,0.0,0.0,0.0,0.0,0.0,0.0,0.0,662,"('CHANGC1_004', 12)"
0.0,0.0,0.0,0.0,0.0,0.0,0.0,0.0,0.0,672,"('CHANGC1_004', 12)"
0.0,0.0,0.0,0.0,0.0,0.0,0.0,0.0,0.0,673,"('CHANGC1_004', 12)"
0.0,0.0,0.0,0.0,0.0,0.0,0.0,0.0,0.0,674,"('CHANGC1_004', 12)"
0.0,0.0,0.0,0.0,0.0,0.0,0.0,0.0,0.0,667,"('CHANGC1_004', 12)"
0.0,0.0,0.0,0.0,0.0,0.0,0.0,0.0,0.0,665,"('CHANGC1_004', 12)"
0.0,0.0,0.0,0.0,0.0,0.0,0.0,0.0,0.0,668,"('CHANGC1_004', 12)"
0.0,0.0,0.0,0.0,0.0,0.0,0.0,0.0,0.0,675,"('CHANGC1_004', 12)"
0.0,0.0,0.0,0.0,0.0,0.0,0.0,0.0,0.0,676,"('CHANGC1_004', 12)"
0.0,0.0,0.0,0.0,0.0,0.0,0.0,0.0,0.0,678,"('CHANGC1_004', 12)"
0.0,0.0,0.0,0.0,0.0,0.0,0.0,0.0,0.0,677,"('CHANGC1_004', 12)"
0.0,0.0,0.0,0.0,0.0,0.0,0.0,0.0,0.0,679,"('CHANGC1_004', 12)"
0.0,0.0,0.0,0.0,0.0,0.0,0.0,0.0,0.0,669,"('CHANGC1_004', 12)"
0.0,0.0,0.0,0.0,0.0,0.0,0.0,0.0,0.0,680,"('CHANGC1_004', 12)"
